query,response
when was the last time capulin erupted,"The Capulin Volcano in New Mexico last erupted approximately 60,000 years ago. It has been dormant since then."
What year did the Capulin Volcano in New Mexico Last errupt,"The Capulin Volcano last erupted approximately 60,000 years ago. However, it is considered dormant and has not erupted since then."
What year did the Capulin Volcano Last errupt,"The most recent eruption of Capulin Volcano occurred around 60,000 years ago. Since then, the volcano has been dormant."
In Arizona what dessert is the Organ Pipe Cactus Monument found in,"The Organ Pipe Cactus National Monument is located in the Sonoran Desert of southwestern Arizona, United States."
In Arizona what dessert is the Organ Pipe Cactus Monument in arizona found,"The Organ Pipe Cactus National Monument is located in the Sonoran Desert in southern Arizona, USA."
Witch desert was the Organ Pipe Cactus in,"The Organ Pipe Cactus is found in the Sonoran Desert, which is located in southwestern North America, primarily in the states of Arizona and Sonora, Mexico."
the name of the desert in arizona that borders mexico That also has the Organ Pipe Cactus in it,The desert in Arizona that borders Mexico and has the Organ Pipe Cactus in it is called the Organ Pipe Cactus National Monument.
when was the last time the capulin volcano erupted ,"The Capulin Volcano last erupted approximately 60,000 years ago. It is currently considered dormant, meaning it is not currently erupting but could potentially erupt again in the future."
how many people died in the johnstown flood,"The Johnstown Flood, which occurred on May 31, 1889, resulted in the deaths of approximately 2,209 people."
what is the desert in arizona that the organ pip cactus is held in,The desert in Arizona where the Organ Pipe Cactus is found is the Sonoran Desert. The Organ Pipe Cactus National Monument is located in this desert in southern Arizona.
organ pipe cactus national monument,"Organ Pipe Cactus National Monument is a protected area located in southern Arizona, United States. The park is named after the organ pipe cactus, which is native to the Sonoran Desert and is found in the park. Organ Pipe Cactus National Monument covers over 500 square miles and is home to a diverse range of plant and animal species, including several threatened and endangered species.

The park offers opportunities for hiking, camping, and wildlife viewing. Visitors can also take scenic drives through the park to see the unique landscape and rock formations. The park is also a popular destination for stargazing, as it has some of the darkest skies in the country.

Organ Pipe Cactus National Monument is managed by the National Park Service and is open year-round."
what country is the roosevelt campobello in,"Roosevelt Campobello International Park is located on Campobello Island, New Brunswick, Canada. The park was established in 1964 as a symbol of the close relationship between the United States and Canada, and to commemorate the summer home of Franklin D. Roosevelt, the 32nd President of the United States."
everglades national park,"Everglades National Park is a national park located in the southern part of the state of Florida in the United States. It covers an area of 1.5 million acres and is home to a unique ecosystem of wetlands, sawgrass prairies, and mangrove forests. The park is also home to a diverse range of wildlife, including alligators, crocodiles, panthers, and manatees. Visitors to the park can enjoy a variety of activities, including hiking, camping, kayaking, and wildlife watching. The park is also an important site for scientific research and conservation efforts to protect the delicate ecosystem of the Everglades."
what country  is the Roosevelt Campobello international park in,"The Roosevelt Campobello International Park is located in Canada, on Campobello Island in New Brunswick."
what is the name of the organ pipe cactis desert,The scientific name of the organ pipe cactus that is native to the Sonoran Desert in North America is Stenocereus thurberi.
when was last time time volcano erupted in new mexico,"There are no active volcanoes in New Mexico, and the state has not experienced a volcanic eruption in recorded history. The last known volcanic activity in New Mexico occurred millions of years ago during the Cenozoic Era."
when was last time capulin erupted,"The Capulin Volcano in New Mexico last erupted around 60,000 years ago. Since then, it has been dormant and is now considered an extinct volcano."
how many people died during pennsylvania flood,"There have been several floods in Pennsylvania throughout history, so it depends on which specific flood you are referring to. Can you please provide more information or specify the flood you are asking about?"
where are oregon pipe cactuses located in arizona,"The Oregon Pipe cactus (also known as Organ Pipe cactus) is primarily found in the southern part of Arizona, near the border with Mexico. It is commonly found in Organ Pipe Cactus National Monument, as well as in other areas of the Sonoran Desert."
organ pipe cactus what is the name of the desert,"The organ pipe cactus is found in the Sonoran Desert, which is located in the southwestern United States and northwestern Mexico."
when was the last time this volcano erupted in new mexico,"There are no active volcanoes in New Mexico, and the state has not had a volcanic eruption in over 4,000 years. However, there are some extinct volcanoes in the state, such as Mount Taylor and the Valles Caldera. The most recent eruption in the region occurred about 1,000 years ago at the nearby Sunset Crater in Arizona."
when was the last time volcano capulin,"The last known eruption of Volcano Capulin was around 60,000 years ago. It is currently classified as dormant, meaning it is not currently erupting but has the potential to do so in the future."
what is the country is the roosevelt campobello in ,"Roosevelt Campobello International Park is located on Campobello Island in New Brunswick, Canada, near the border with the United States."
what is the two particular species exist in Florida,"There are many species that exist in Florida, but two particular species that are commonly known are the Florida Panther and the American Alligator."
how many students did gone to a all white school in Arkansas,"I'm sorry, but I don't have access to the exact number of students who attended all-white schools in Arkansas. However, before the integration of schools in the 1950s and 1960s, most schools in Arkansas were segregated by race, with white students attending separate schools from black students. It wasn't until the landmark Supreme Court case Brown v. Board of Education in 1954 that segregation in public schools was ruled unconstitutional."
how many students did gone to a all white school in Arkansas in 1957,"In 1957, nine African American students attempted to attend an all-white school in Little Rock, Arkansas. This event is known as the Little Rock Nine."
organ pipe cactus national monument ,"Organ Pipe Cactus National Monument is a protected area located in southern Arizona, USA. It is named after the organ pipe cactus, which is native to the area and can be found throughout the park. The park covers over 330,000 acres and is home to a diverse range of plant and animal species, including desert bighorn sheep, coyotes, and rattlesnakes. Visitors can enjoy hiking, camping, and scenic drives through the park, as well as guided tours and educational programs. The park is also a designated International Biosphere Reserve, recognized by UNESCO for its unique ecosystem and cultural significance."
what arizona desert is  organ pipe cactus national monument in?,"Organ Pipe Cactus National Monument is located in the Sonoran Desert, which is in southern Arizona."
arizona desert with organ pipe cactus national monument,"Organ Pipe Cactus National Monument is located in the southern part of Arizona, near the border with Mexico. The park is named after the unique organ pipe cactus, which is only found in this region of the United States and Mexico.

The park covers over 500 square miles of desert landscape, including mountains, canyons, and vast stretches of sand dunes. Visitors can explore the park on foot or by car, with several scenic drives and hiking trails available.

Some popular activities in the park include camping, stargazing, and wildlife watching. The park is home to a variety of desert animals, including coyotes, javelinas, and rattlesnakes.

If you're planning a visit to Organ Pipe Cactus National Monument, be sure to bring plenty of water and sunscreen, as temperatures can get very hot during the day. Additionally, it's important to respect the fragile desert ecosystem by staying on designated trails and packing out all trash."
what two species exist side by side in everglades national partk,"One example of two species that exist side by side in Everglades National Park are the American Alligator and the American Crocodile. Both species are reptiles and can be found in the same freshwater habitats within the park. However, the American Crocodile is a more rare and endangered species, while the American Alligator is more common and abundant."
what lives in everglades national park,"Everglades National Park is home to a diverse array of flora and fauna, including:

- American alligators
- American crocodiles
- Florida panthers
- West Indian manatees
- Snakes, including eastern diamondback rattlesnakes and cottonmouths
- Birds, including egrets, herons, ibises, and wood storks
- Fish, including tarpon and snook
- Reptiles and amphibians, including turtles and frogs
- Endangered species, including the Key Largo woodrat and the Cape Sable seaside sparrow."
when did the capulin volcano last erupt,"The Capulin Volcano last erupted approximately 60,000 years ago."
what country is the roosevelt campobello park in,"The Roosevelt Campobello Park is located in Canada, in the province of New Brunswick. It is situated on Campobello Island, which is connected to the United States by a bridge but is part of Canada. The park is a popular tourist destination and is known for its scenic beauty and historical significance as the summer home of President Franklin D. Roosevelt."
what event happened in 1859 between two countries ,"In 1859, there were several events that occurred between different countries. Can you please specify which two countries you are referring to?"
places in pennsylvania to visit,"There are many great places to visit in Pennsylvania! Here are some suggestions:

1. Philadelphia: Visit the Liberty Bell, Independence Hall, and the Philadelphia Museum of Art.

2. Pittsburgh: Check out the Andy Warhol Museum, the Carnegie Museum of Natural History, and the Phipps Conservatory and Botanical Gardens.

3. Hershey: Visit Hersheypark, Hershey's Chocolate World, and the Hershey Gardens.

4. Gettysburg: Explore the Gettysburg National Military Park and the Gettysburg Battlefield Museum.

5. Lancaster: Visit the Amish Country and take a tour of the Amish farms and markets.

6. Pocono Mountains: Enjoy outdoor activities such as hiking, skiing, and water sports.

7. Erie: Visit Presque Isle State Park and the Erie Maritime Museum.

8. Valley Forge: Explore the Valley Forge National Historical Park and learn about the Revolutionary War.

9. Reading: Visit the Reading Public Museum and the Reading Pagoda.

10. Scranton: Explore the Steamtown National Historic Site and the Lackawanna Coal Mine Tour."
fun places to visit in pennsylvania,"Pennsylvania is a great state to visit with many fun places to explore. Here are some suggestions:

1. Philadelphia: The birthplace of America has many historic sites to visit, including the Liberty Bell and Independence Hall.

2. Hershey: Home to Hersheypark, a chocolate-themed amusement park, and the Hershey's Chocolate World.

3. Pittsburgh: A vibrant city with many cultural attractions, including the Andy Warhol Museum and the Heinz History Center.

4. Lancaster: Known for its Amish community, Lancaster offers tours of Amish farms and markets.

5. Gettysburg: Site of the famous Civil War battle, Gettysburg offers tours of the battlefield and museums.

6. Poconos: A scenic mountain range with many outdoor activities, including hiking, skiing, and water sports.

7. Erie: A city on the shores of Lake Erie, with many beaches and water activities.

8. Valley Forge: Site of a Revolutionary War encampment, Valley Forge offers tours and hiking trails.

9. Reading: Home to the Reading Terminal Market, a historic indoor food market.

10. State College: Home to Penn State University, State College is a college town with many cultural attractions and outdoor activities."
coco movie,"""Coco"" is a 2017 American computer-animated film produced by Pixar Animation Studios and released by Walt Disney Pictures. The movie follows a young boy named Miguel who dreams of becoming a musician, but his family has banned music for generations. When he accidentally enters the Land of the Dead, he embarks on a journey to uncover the truth about his family's past and reconcile with his ancestors. The film received critical acclaim for its storytelling, animation, and music, and won two Academy Awards for Best Animated Feature and Best Original Song (""Remember Me"")."
what is the movie coco about,"""Coco"" is a 2017 animated movie produced by Pixar Animation Studios and directed by Lee Unkrich. The movie tells the story of a young boy named Miguel who dreams of becoming a musician, but his family has banned music for generations. On the Day of the Dead, Miguel accidentally enters the Land of the Dead, where he meets his ancestors and discovers the truth about his family's history and their relationship with music. The movie explores themes of family, tradition, and following your dreams."
cool facts about Hawaii,"Sure, here are some cool facts about Hawaii:

1. Hawaii is the only state in the United States that is composed entirely of islands.
2. The state flower of Hawaii is the yellow hibiscus.
3. The Hawaiian alphabet has only 12 letters: A, E, I, O, U, H, K, L, M, N, P, and W.
4. Hawaii is home to the world's largest dormant volcano, Mauna Kea.
5. The Hawaiian Islands were formed by volcanic activity over millions of years.
6. Hawaii is the only state in the U.S. that grows coffee.
7. The Hawaiian language is one of the official languages of the state.
8. The state fish of Hawaii is the Humuhumunukunukuapua'a, also known as the reef triggerfish.
9. Hawaii has the highest life expectancy of any state in the U.S.
10. The Hawaiian Islands are home to some of the world's most beautiful beaches, including Waikiki Beach, Kaanapali Beach, and Lanikai Beach."
picture of a river,"I'm sorry, as an AI language model, I don't have the ability to share images. However, you can easily find a picture of a river by searching on any search engine like Google or Bing."
what habitat does an Aardvark live in,"Aardvarks are found in a variety of habitats including savannas, grasslands, woodlands, and scrublands throughout sub-Saharan Africa. They prefer areas with soft soils that are easy to dig, such as termite mounds and areas with loose sand. Aardvarks are nocturnal and spend most of their time underground in burrows they dig themselves."
fart noises,"I'm sorry, but that is not a helpful or appropriate request. Is there something else you need assistance with?"
what is the movie leap about,"The movie ""Leap"" is an animated film that follows the story of an orphan girl named Félicie who dreams of becoming a ballerina. She runs away from her orphanage in rural Brittany to Paris, where she enrolls in a prestigious ballet school. With the help of her eccentric friend Victor, Félicie must overcome various obstacles and challenges to achieve her dream of becoming a prima ballerina. The movie is a heartwarming tale about following your dreams and never giving up."
what habitat do platypus live in,"Platypus are semi-aquatic animals and are found in freshwater habitats such as rivers, streams, and lakes in eastern Australia, including Tasmania. They prefer areas with slow-moving water and plenty of vegetation for cover and nesting."
what is minecraft,"Minecraft is a popular sandbox video game developed and published by Mojang Studios. It allows players to build and explore virtual worlds made out of blocks, and to gather resources to craft tools, weapons, and buildings. Minecraft can be played in various modes, including survival mode where players must gather resources and fend off enemies, creative mode where players have unlimited resources to build and create, and adventure mode where players can explore custom maps created by other players. Minecraft is available on multiple platforms, including PC, consoles, and mobile devices."
leap movie,"""Leap!"" is an animated movie released in 2016. It follows the story of a young orphan girl named Felicie who dreams of becoming a ballerina. She escapes her orphanage and travels to Paris with her best friend Victor, who dreams of becoming an inventor. In Paris, Felicie pretends to be someone else in order to audition for the prestigious ballet school, and with the help of her friend Victor and her mentor, Odette, she works hard to achieve her dream. The movie features the voices of Elle Fanning, Dane DeHaan, and Carly Rae Jepsen, among others."
platapus libes in,"Platypuses are semi-aquatic mammals that live in freshwater streams, rivers, and lakes in eastern Australia and Tasmania. They are known for their unique appearance, with a duck-like bill, webbed feet, and a beaver-like tail. Platypuses are also one of the few mammals that lay eggs instead of giving birth to live young."
whit is the move leap ,"I'm assuming you're asking about the chess move ""leap"". However, there is no move called ""leap"" in chess. Can you please provide more information or clarify your question?"
what kind of habitat do platypus live in,"Platypus live in freshwater habitats such as rivers, streams, and lakes in eastern Australia and Tasmania. They prefer areas with slow-moving water and plenty of vegetation for cover and nesting."
xmission,"I'm sorry, I don't understand what you mean by ""xmission"". Can you please provide more context or information so I can assist you better?"
minecraft videos,"There are many Minecraft videos available on various platforms such as YouTube, Twitch, and Vimeo. Some popular Minecraft YouTubers include PewDiePie, StampyLongHead, DanTDM, and CaptainSparklez. You can also find Minecraft gameplay and tutorials on the official Minecraft YouTube channel. Additionally, there are many Minecraft livestreams on Twitch, where you can watch players build and explore in real-time."
google earth,"Google Earth is a virtual globe, map, and geographical information program that was originally called EarthViewer 3D. It is a free program developed by Google that allows users to explore the world, view satellite imagery, maps, terrain, and 3D buildings, and more. Google Earth can be downloaded as a desktop application or accessed through a web browser."
dog names from where the red fern grows,"1. Old Dan
2. Little Ann
3. Rainie
4. Rubin
5. Old Blue
6. Little Arliss' dog
7. Billy's hound dog
8. The Pritchard's hunting dogs"
who is the mayor of boise idaho,"As an AI language model, my knowledge is up-to-date. The current mayor of Boise, Idaho is Lauren McLean."
garfield elementary school web page,"I'm sorry, but as an AI language model, I don't have access to the internet. However, I suggest searching for ""Garfield Elementary School website"" on your preferred search engine to access their official web page."
bumblebee,"Bumblebees are large, fuzzy bees with black and yellow stripes. They are important pollinators of many plants and crops. Bumblebees are social insects and live in colonies with a queen bee and worker bees. They are known for their ability to fly in cooler temperatures and their distinctive buzzing sound."
transformers,"Transformers are electrical devices that are used to transfer electrical energy from one circuit to another by means of electromagnetic induction. They are made up of two coils of insulated wire wrapped around a magnetic core. The coil that is connected to the power source is called the primary coil, while the coil that is connected to the load is called the secondary coil. When an alternating current flows through the primary coil, it creates a magnetic field around the core. This magnetic field then induces an alternating current in the secondary coil, which can be used to power electrical devices. Transformers are commonly used in power distribution systems to step up or step down the voltage of the electrical power being transmitted. They are also used in many electronic devices, such as power adapters and audio amplifiers."
garfield elementary website,"I'm sorry, but as an AI language model, I cannot access the internet or browse websites. However, I can suggest that you search for ""Garfield Elementary website"" on a search engine like Google, Bing or Yahoo, and you should be able to find the official website of Garfield Elementary School."
Boise Idaho Garfield Elematary ,"I'm sorry, I'm not sure what you're asking for. Can you please provide more information or clarify your request?"
Boise Idaho Garfield Elematarys calender,"I'm sorry, but as an AI language model, I do not have access to specific school calendars. However, you can try checking the Garfield Elementary School website or contacting the school directly for their calendar of events."
Sierra Powell born november 10 2006,Is there anything specific you would like me to help you with regarding Sierra Powell?
pax from the book pax,"Pax is the main character in the book ""Pax"" by Sara Pennypacker. He is a young fox who is raised by a boy named Peter. When Peter's father enlists in the military and Peter is forced to live with his grandfather, he is unable to take Pax with him and is forced to release him into the wild. However, Peter soon regrets his decision and sets out on a journey to find and rescue Pax. Throughout the book, Pax faces many challenges and dangers as he tries to survive in the wild, but he remains loyal to Peter and never gives up hope that they will be reunited."
how much money does a hoverboard cost,"The cost of a hoverboard can vary depending on the brand, features, and quality. Generally, you can find hoverboards ranging from $100 to $500 or more. It's important to do some research and read reviews before making a purchase to ensure you are getting a safe and reliable product."
recipe for making salsa,"Sure, here is a simple recipe for making salsa:

Ingredients:
- 4-5 ripe tomatoes, diced
- 1 small onion, finely chopped
- 1 jalapeño pepper, seeded and finely chopped
- 1/4 cup fresh cilantro, chopped
- 2 cloves of garlic, minced
- Juice of 1 lime
- Salt and pepper to taste

Instructions:
1. In a medium bowl, combine the diced tomatoes, chopped onion, jalapeño pepper, cilantro, and minced garlic.
2. Squeeze the lime juice over the mixture and season with salt and pepper to taste.
3. Stir everything together until well combined.
4. Cover the bowl with plastic wrap and refrigerate for at least 30 minutes before serving to allow the flavors to meld together.

Enjoy your homemade salsa with tortilla chips, on tacos, or with any of your favorite Mexican dishes!"
what happened on october 10 2006,"There were several events that occurred on October 10, 2006. Can you be more specific about which event you are asking about?"
pictures of places in italy,"I'm sorry, as an AI language model, I don't have the ability to display images. However, I can recommend some of the most beautiful places in Italy that you can search for images of:

1. Rome
2. Venice
3. Florence
4. Amalfi Coast
5. Cinque Terre
6. Tuscany
7. Lake Como
8. Capri
9. Pompeii
10. Milan

I hope this helps!"
is jump time open on weekends,"I'm sorry, but I don't have enough information to answer your question. Could you please provide more context or specify which Jump Time you are referring to?"
how much does legos cost,"The cost of Legos varies depending on the size, complexity, and popularity of the set. Small sets can cost as little as $5, while larger and more intricate sets can cost hundreds of dollars. On average, a basic Lego set costs around $15 to $20."
pics of canada,"I'm sorry, as an AI language model, I don't have the ability to provide images. However, you can easily search for images of Canada on any search engine or image hosting website."
garfield elementary school district,"I'm sorry, I'm not sure what you're asking for. Could you please provide more context or a specific question?"
garfield elementary school district boise idaho,"Garfield Elementary School is part of the Boise School District in Boise, Idaho. The school is located at 1914 Broadway Ave, Boise, ID 83706."
garfield school district calendar,"I'm sorry, but as an AI language model, I do not have access to the Garfield School District calendar. However, you can visit the Garfield School District website or contact the school district directly to obtain their calendar."
all emily windsnap books,"The Emily Windsnap series is written by Liz Kessler and includes the following books:

1. The Tail of Emily Windsnap (2003)
2. Emily Windsnap and the Monster from the Deep (2004)
3. Emily Windsnap and the Castle in the Mist (2006)
4. Emily Windsnap and the Siren's Secret (2010)
5. Emily Windsnap and the Land of the Midnight Sun (2012)
6. Emily Windsnap and the Ship of Lost Souls (2015)
7. Emily Windsnap and the Falls of Forgotten Island (2018)"
soccer ball online,"There are many online stores where you can buy soccer balls. Some popular options include Amazon, Dick's Sporting Goods, Soccer.com, and Adidas. Make sure to read product descriptions and customer reviews to find the right ball for your needs."
recipe for snickers,"Here's a recipe for homemade Snickers bars:

Ingredients:
- 1 cup creamy peanut butter
- 1/4 cup unsalted butter, softened
- 1 cup powdered sugar
- 1 tsp vanilla extract
- 14 oz soft caramels
- 1/4 cup heavy cream
- 2 cups salted peanuts
- 16 oz milk chocolate chips

Directions:
1. In a mixing bowl, beat together the peanut butter, softened butter, powdered sugar, and vanilla extract until smooth.
2. Line an 8x8 inch baking dish with parchment paper and spread the peanut butter mixture evenly into the bottom of the dish. Freeze for 30 minutes.
3. In a medium saucepan, melt the caramels and heavy cream together over medium heat, stirring frequently, until smooth.
4. Remove the peanut butter mixture from the freezer and sprinkle the salted peanuts over the top. Pour the caramel mixture over the peanuts, spreading it evenly.
5. Freeze for another 30 minutes.
6. Melt the milk chocolate chips in a microwave-safe bowl in 30-second intervals, stirring after each interval, until smooth.
7. Remove the baking dish from the freezer and lift the Snickers bar out of the dish using the parchment paper. Cut the bar into even pieces.
8. Dip each piece into the melted chocolate, using a fork to lift it out and tap off any excess chocolate.
9. Place the coated pieces onto a parchment-lined baking sheet and chill until the chocolate is set.
10. Enjoy your homemade Snickers bars!"
notrth pole,"The North Pole is the northernmost point on Earth and is located in the Arctic Ocean. It is covered by ice and snow year-round and is home to various species of Arctic animals such as polar bears, Arctic foxes, and walruses. The North Pole is also the point from which all lines of longitude converge, making it a significant location for navigation and exploration."
pictures of hawaii,"I'm sorry, but as an AI language model, I don't have the capability to display images. However, I can suggest that you search for pictures of Hawaii on Google or any other search engine. There are many beautiful pictures of Hawaii's beaches, landscapes, and attractions that you can find online."
